"","G_men","G_sip","O_uni","G_sac","G_rubp","G_rubw","N_dut","G_cal","G_cra","G_glu","G_tru","G_bul","G_fal","temp_K"
"E*",10,2,8,10,7,7,3,10,10,10,10,10,10,8
"p-value",0.00199600798403194,0.107784431137725,0.686626746506986,0.267465069860279,0.43313373253493,0.219560878243513,0.00199600798403194,0.00199600798403194,0.36127744510978,0.00199600798403194,0.00199600798403194,0.00199600798403194,0.00199600798403194,0.00199600798403194
