"","G_men","G_sip","G_sac","G_rubp","G_rubw","P_obl","N_dut","G_cal","G_cra","G_glu","G_tru","G_bul","G_fal","temp_K"
"E*",10,9,5,10,10,9,9,9,7,10,10,10,2,10
"p-value",0.69061876247505,0.00199600798403194,0.00199600798403194,0.00199600798403194,0.00399201596806387,0.169660678642715,0.229540918163673,0.00598802395209581,0.0578842315369262,0.00199600798403194,0.00199600798403194,0.00199600798403194,0.702594810379242,0.00598802395209581
