"","G_men","G_sip","O_uni","G_sac","G_rubp","G_rubw","P_obl","G_cal","G_cra","G_glu","G_tru","G_bul","G_fal","temp_K"
"E*",9,10,9,10,10,10,7,10,10,10,10,10,10,10
"p-value",0.00199600798403194,0.00199600798403194,0.279441117764471,0.121756487025948,0.0339321357285429,0.0818363273453094,0.00199600798403194,0.00199600798403194,0.129740518962076,0.00199600798403194,0.281437125748503,0.00199600798403194,0.0359281437125748,0.00199600798403194
