"","G_men","G_sip","O_uni","G_sac","G_rubp","G_rubw","P_obl","N_dut","G_cal","G_cra","G_glu","G_bul","G_fal","temp_K"
"E*",3,9,5,10,8,8,9,8,5,10,5,4,10,9
"p-value",0.960079840319361,0.00798403193612774,0.19560878243513,0.00798403193612774,0.0459081836327345,0.00798403193612774,0.0958083832335329,0.0119760479041916,0.0838323353293413,0.111776447105788,0.00998003992015968,0.339321357285429,0.477045908183633,0.00598802395209581
