"","G_men","G_sip","O_uni","G_sac","G_rubp","G_rubw","P_obl","N_dut","G_cal","G_cra","G_glu","G_tru","G_bul","G_fal"
"E*",10,10,10,8,10,8,7,10,7,10,10,10,10,7
"p-value",0.00598802395209581,0.0199600798403194,0.00798403193612774,0.00199600798403194,0.029940119760479,0.00798403193612774,0.029940119760479,0.00199600798403194,0.00399201596806387,0.0199600798403194,0.00199600798403194,0.582834331337325,0.0179640718562874,0.0379241516966068
