"","G_men","G_sip","O_uni","G_sac","G_rubp","G_rubw","P_obl","N_dut","G_cra","G_glu","G_tru","G_bul","G_fal","temp_K"
"E*",10,5,10,7,7,7,10,10,3,6,10,4,8,10
"p-value",0.0239520958083832,0.0359281437125748,0.223552894211577,0.00199600798403194,0.0179640718562874,0.00798403193612774,0.00199600798403194,0.00199600798403194,0.50499001996008,0.00199600798403194,0.00199600798403194,0.00199600798403194,0.0858283433133733,0.00399201596806387
