"","G_men","G_sip","O_uni","G_rubp","G_rubw","P_obl","N_dut","G_cal","G_cra","G_glu","G_tru","G_bul","G_fal","temp_K"
"E*",6,10,7,4,6,8,10,10,8,10,9,10,7,10
"p-value",0.698602794411178,0.00798403193612774,0.00199600798403194,0.00199600798403194,0.00199600798403194,0.63872255489022,0.0499001996007984,0.00998003992015968,0.317365269461078,0.00199600798403194,0.00199600798403194,0.00399201596806387,0.950099800399202,0.00399201596806387
