"","G_men","G_sip","O_uni","G_sac","G_rubp","G_rubw","P_obl","N_dut","G_cal","G_cra","G_tru","G_bul","G_fal","temp_K"
"E*",9,9,2,10,10,9,4,2,10,10,10,9,10,3
"p-value",0.177644710578842,0.0479041916167665,0.602794411177645,0.00399201596806387,0.0219560878243513,0.00199600798403194,0.111776447105788,0.00399201596806387,0.00199600798403194,0.00798403193612774,0.00399201596806387,0.0119760479041916,0.431137724550898,0.506986027944112
