"","G_men","G_sip","O_uni","G_sac","G_rubw","P_obl","N_dut","G_cal","G_cra","G_glu","G_tru","G_bul","G_fal","temp_K"
"E*",5,2,9,2,2,6,5,10,6,10,10,9,5,10
"p-value",0.678642714570858,0.0718562874251497,0.00199600798403194,0.00199600798403194,0.00199600798403194,0.758483033932136,0.339321357285429,0.00199600798403194,0.00399201596806387,0.00199600798403194,0.0678642714570858,0.327345309381238,0.912175648702595,0.451097804391218
