"","G_men","O_uni","G_sac","G_rubp","G_rubw","P_obl","N_dut","G_cal","G_cra","G_glu","G_tru","G_bul","G_fal","temp_K"
"E*",6,4,10,10,10,2,2,3,5,2,10,10,4,9
"p-value",0.00199600798403194,0.00199600798403194,0.00199600798403194,0.00798403193612774,0.00199600798403194,0.285429141716567,0.0179640718562874,0.031936127744511,0.760479041916168,0.00199600798403194,0.135728542914172,0.00998003992015968,0.882235528942116,0.972055888223553
