"","G_men","G_sip","O_uni","G_sac","G_rubp","G_rubw","P_obl","N_dut","G_cal","G_cra","G_glu","G_tru","G_fal","temp_K"
"E*",8,4,4,4,10,10,8,9,4,2,9,3,2,6
"p-value",0.125748502994012,0.944111776447106,0.62874251497006,0.0279441117764471,0.552894211576846,0.219560878243513,0.0119760479041916,0.00199600798403194,0.00199600798403194,0.3812375249501,0.00199600798403194,0.289421157684631,0.906187624750499,0.289421157684631
