"","G_sip","O_uni","G_sac","G_rubp","G_rubw","P_obl","N_dut","G_cal","G_cra","G_glu","G_tru","G_bul","G_fal","temp_K"
"E*",9,9,7,9,7,10,10,10,3,9,4,10,10,8
"p-value",0.0359281437125748,0.159680638722555,0.0798403193612774,0.327345309381238,0.351297405189621,0.00798403193612774,0.00199600798403194,0.00199600798403194,0.902195608782435,0.00399201596806387,0.614770459081836,0.0518962075848303,0.00798403193612774,0.00199600798403194
