"","G_men","G_sip","O_uni","G_sac","G_rubp","P_obl","N_dut","G_cal","G_cra","G_glu","G_tru","G_bul","G_fal","temp_K"
"E*",8,9,6,7,4,5,5,10,9,9,10,9,2,8
"p-value",0.145708582834331,0.00399201596806387,0.00199600798403194,0.00199600798403194,0.00199600798403194,0.0678642714570858,0.0119760479041916,0.00199600798403194,0.11377245508982,0.00199600798403194,0.0978043912175649,0.0738522954091816,0.93812375249501,0.273453093812375
