"","G_men","G_sip","O_uni","G_sac","G_rubp","G_rubw","P_obl","N_dut","G_cal","G_cra","G_glu","G_tru","G_bul","temp_K"
"E*",8,2,9,10,10,10,10,8,10,10,10,4,2,8
"p-value",0.00399201596806387,0.0698602794411178,0.115768463073852,0.00798403193612774,0.00598802395209581,0.0119760479041916,0.193612774451098,0.00199600798403194,0.339321357285429,0.0998003992015968,0.00598802395209581,0.87624750499002,0.588822355289421,0.345309381237525
